Product Name,Product Images,Available Sizes,Product Tags,Product DMS,SKU,Prices
Jkara,"['https://www.dillards.com/is/image/DillardsZoom/main/jkara-plus-floral-beaded-2-piece-jacket-dress/05086655_zi_plum_wine.jpg', 'https://www.dillards.com/is/image/DillardsZoom/main/jkara-plus-floral-beaded-2-piece-jacket-dress/05086655_zi_plum_wine__01_ai.jpg', 'https://www.dillards.com/is/image/DillardsZoom/main/jkara-plus-floral-beaded-2-piece-jacket-dress/05086655_zi_plum_wine__02_ai.jpg']",[],Plus Floral Beaded Bodice 2-Piece Jacket Dress,0139 680 2711EW,#05086655,"['$0.00', '$258.00']"
Shape Solver,"['https://www.dillards.com/is/image/DillardsZoom/main/shape-solver-graphic-content-split-front-flyaway-one-piece-swimsuit/05593658_zi_black_multi.jpg', 'https://www.dillards.com/is/image/DillardsZoom/main/shape-solver-graphic-content-split-front-flyaway-one-piece-swimsuit/05593658_zi_black_multi__01_ai.jpg']","['8', '10', '12', '14', '16']",Graphic Content Split Front Flyaway One Piece Swimsuit,0198 082 5523474,#05593658,"['$0.00', '$110.00']"
Allison Daley,"['https://www.dillards.com/is/image/DillardsZoom/main/allison-daley-plus-size-button-front-striped-stretch-sateen-shirt/05644531_zi_navy_stripe_dot.jpg', 'https://www.dillards.com/is/image/DillardsZoom/main/allison-daley-plus-size-button-front-striped-stretch-sateen-shirt/05644531_zi_navy_stripe_dot__01_ai.jpg', 'https://www.dillards.com/is/image/DillardsZoom/main/allison-daley-plus-size-button-front-striped-stretch-sateen-shirt/05644531_zi_navy_stripe_dot__02_ai.jpg']","['18W', '20W', '22W']",Plus Size Striped Stretch Sateen Button Front Shirt,0118 366 UA84Z7603,#05644531,"['$0.00', '$49.00']"
Komarov,"['https://www.dillards.com/is/image/DillardsZoom/main/komarov-v-neck-floral-print-charmeuse-chiffon-midi-dress/05557976_zi_wild_clover.jpg', 'https://www.dillards.com/is/image/DillardsZoom/main/komarov-v-neck-floral-print-charmeuse-chiffon-midi-dress/05557976_zi_wild_clover__01_ai.jpg', 'https://www.dillards.com/is/image/DillardsZoom/main/komarov-v-neck-floral-print-charmeuse-chiffon-midi-dress/05557976_zi_wild_clover__02_ai.jpg', 'https://www.dillards.com/is/image/DillardsZoom/main/komarov-v-neck-floral-print-charmeuse-chiffon-midi-dress/05557976_zi_wild_clover__03_ai.jpg']","['XS', 'M', 'L']",V-Neck Floral Print Charmeuse Chiffon Midi Dress,0145 762 CAP19432B,#05557976,"['$0.00', '$318.00']"
Adrianna Papell,"['https://www.dillards.com/is/image/DillardsZoom/main/adrianna-papell-beaded-sheath-dress/05515619_zi_navy_black.jpg', 'https://www.dillards.com/is/image/DillardsZoom/main/adrianna-papell-beaded-sheath-dress/05515619_zi_navy_black__01_ai.jpg', 'https://www.dillards.com/is/image/DillardsZoom/main/adrianna-papell-beaded-sheath-dress/05515619_zi_navy_black__02_ai.jpg', 'https://www.dillards.com/is/image/DillardsZoom/main/adrianna-papell-beaded-sheath-dress/05515619_zi_navy_black__03_ai.jpg']",[],Beaded Sheath Dress,0134 107 AP1E203896,#05515619,"['$0.00', '$199.00', '$69.65']"
Maggy London,"['https://www.dillards.com/is/image/DillardsZoom/main/maggy-london-scalloped-square-neck-crepe-midi-length-sheath-dress/05503605_zi_rose_trels.jpg', 'https://www.dillards.com/is/image/DillardsZoom/main/maggy-london-scalloped-square-neck-crepe-midi-length-sheath-dress/05503605_zi_rose_trels__01_ai.jpg', 'https://www.dillards.com/is/image/DillardsZoom/main/maggy-london-scalloped-square-neck-crepe-midi-length-sheath-dress/05503605_zi_rose_trels__02_ai.jpg', 'https://www.dillards.com/is/image/DillardsZoom/main/maggy-london-scalloped-square-neck-crepe-midi-length-sheath-dress/05503605_zi_rose_trels__03_ai.jpg', 'https://www.dillards.com/is/image/DillardsZoom/main/maggy-london-scalloped-square-neck-crepe-midi-length-sheath-dress/05503605_zi_rose_trels__04_ai.jpg', 'https://www.dillards.com/is/image/DillardsZoom/main/maggy-london-scalloped-square-neck-crepe-midi-length-sheath-dress/05503605_zi_black.jpg', 'https://www.dillards.com/is/image/DillardsZoom/main/maggy-london-scalloped-square-neck-crepe-midi-length-sheath-dress/05503605_zi_black__01_ai.jpg', 'https://www.dillards.com/is/image/DillardsZoom/main/maggy-london-scalloped-square-neck-crepe-midi-length-sheath-dress/05503605_zi_black__02_ai.jpg']","['2', '4', '6', '8', '10', '12', '14', '16']",Scalloped Square Neck Crepe Midi Length Sheath Dress,0134 883 G3748M,#05503605,"['$0.00', '$148.00', '$111.00 - $148.00', '$148.00', '$148.00', '$111.00']"
KARL LAGERFELD PARIS,"['https://www.dillards.com/is/image/DillardsZoom/main/karl-lagerfeld-paris-illusion-yoke-sequin-sheath-dress/05494984_zi_navy.jpg', 'https://www.dillards.com/is/image/DillardsZoom/main/karl-lagerfeld-paris-illusion-yoke-sequin-sheath-dress/05494984_zi_navy__01_ai.jpg', 'https://www.dillards.com/is/image/DillardsZoom/main/karl-lagerfeld-paris-illusion-yoke-sequin-sheath-dress/05494984_zi_navy__02_ai.jpg', 'https://www.dillards.com/is/image/DillardsZoom/main/karl-lagerfeld-paris-illusion-yoke-sequin-sheath-dress/05494984_zi_navy__03_ai.jpg']","['2', '4', '6', '8', '10', '12', '14', '16']",Illusion Yoke Sequin Sheath Dress,0134 153 LD8B81C9,#05494984,"['$0.00', '$228.00', '$136.80']"
Kasper,"['https://www.dillards.com/is/image/DillardsZoom/main/kasper-stretch-crepe-belted-waist-sleeveless-sheath-dress/05662894_zi_blue_horizon.jpg', 'https://www.dillards.com/is/image/DillardsZoom/main/kasper-stretch-crepe-belted-waist-sleeveless-sheath-dress/05662894_zi_blue_horizon__01_ai.jpg', 'https://www.dillards.com/is/image/DillardsZoom/main/kasper-stretch-crepe-belted-waist-sleeveless-sheath-dress/05662894_zi_blue_horizon__02_ai.jpg']","['8', '10', '12', '14', '16', '18']",Stretch Crepe Belted Waist Sleeveless Sheath Dress,0108 842 10711784,#05662894,"['$0.00', '$79.00']"
Copper Fit,"['https://www.dillards.com/is/image/DillardsZoom/main/copper-fit-pro-double-layer-zip-front-jacket/05494352_zi_black.jpg', 'https://www.dillards.com/is/image/DillardsZoom/main/copper-fit-pro-double-layer-zip-front-jacket/05494352_zi_black__01_ai.jpg', 'https://www.dillards.com/is/image/DillardsZoom/main/copper-fit-pro-double-layer-zip-front-jacket/05494352_zi_black__02_ai.jpg', 'https://www.dillards.com/is/image/DillardsZoom/main/copper-fit-pro-double-layer-zip-front-jacket/05494352_zi_black__03_ai.jpg']","['S', 'M', 'L', 'XL']",Pro Double Layer Zip Front Jacket,0191 050 CFMF8WJ098,#05494352,"['$0.00', '$75.00']"
Becca by Rebecca Virtue,"['https://www.dillards.com/is/image/DillardsZoom/main/becca-by-rebecca-virtue-breezy-basics-front-tie-cover-up-skirt/05621145_zi_blue_topaz.jpg', 'https://www.dillards.com/is/image/DillardsZoom/main/becca-by-rebecca-virtue-breezy-basics-front-tie-cover-up-skirt/05621145_zi_blue_topaz__01_ai.jpg', 'https://www.dillards.com/is/image/DillardsZoom/main/becca-by-rebecca-virtue-breezy-basics-front-tie-cover-up-skirt/05621145_zi_black.jpg', 'https://www.dillards.com/is/image/DillardsZoom/main/becca-by-rebecca-virtue-breezy-basics-front-tie-cover-up-skirt/05621145_zi_black__01_ai.jpg']","['XS/S', 'M/L']",Breezy Basics Front Tie Cover Up Skirt,0199 766 8570971,#05621145,"['$0.00', '$54.00']"
Kasper,"['https://www.dillards.com/is/image/DillardsZoom/main/kasper-one-button-crepe-jacket/04311587_zi_black.jpg', 'https://www.dillards.com/is/image/DillardsZoom/main/kasper-one-button-crepe-jacket/04311587_zi_black__01_ai.jpg', 'https://www.dillards.com/is/image/DillardsZoom/main/kasper-one-button-crepe-jacket/04311587_zi_black__02_ai.jpg', 'https://www.dillards.com/is/image/DillardsZoom/main/kasper-one-button-crepe-jacket/04311587_zi_vanilla_ice.jpg', 'https://www.dillards.com/is/image/DillardsZoom/main/kasper-one-button-crepe-jacket/04311587_zi_vanilla_ice__01_ai.jpg', 'https://www.dillards.com/is/image/DillardsZoom/main/kasper-one-button-crepe-jacket/04311587_zi_vanilla_ice__02_ai.jpg']","['4', '6', '8', '10', '12', '14', '16', '18']",One-Button Crepe Jacket,0108 842 10543014,#04311587,"['$0.00', '$89.00']"
Tahari ASL,"['https://www.dillards.com/is/image/DillardsZoom/main/tahari-asl-bow-front-waist-a-line-dress/05361007_zi_plum.jpg', 'https://www.dillards.com/is/image/DillardsZoom/main/tahari-asl-bow-front-waist-a-line-dress/05361007_zi_plum__01_ai.jpg']","['12', '14', '16']",Bow Front Waist A Line Dress,0134 255 99DRM128,#05361007,"['$0.00', '$138.00', '$48.30']"
ZOZO,"['https://www.dillards.com/is/image/DillardsZoom/main/zozo-chloe-straight-ankle-pants/04121006_zi_black_onyx.jpg', 'https://www.dillards.com/is/image/DillardsZoom/main/zozo-chloe-straight-ankle-pants/04121006_zi_black_onyx__01_ai.jpg', 'https://www.dillards.com/is/image/DillardsZoom/main/zozo-chloe-straight-ankle-pants/04121006_zi_black_onyx__02_ai.jpg', 'https://www.dillards.com/is/image/DillardsZoom/main/zozo-chloe-straight-ankle-pants/04121006_zi_black_onyx__03_ai.jpg']","['2', '4', '6', '8', '10', '12', '14', '16']",Chloe Straight Ankle Pants,0146 441 ALL1812DL004,#04121006,"['$0.00', '$128.00']"
Jessica Howard,"['https://www.dillards.com/is/image/DillardsZoom/main/jessica-howard-portrait-collar-party-dress/04279791_zi_black.jpg', 'https://www.dillards.com/is/image/DillardsZoom/main/jessica-howard-portrait-collar-party-dress/04279791_zi_black__01_ai.jpg', 'https://www.dillards.com/is/image/DillardsZoom/main/jessica-howard-portrait-collar-party-dress/04279791_zi_black__02_ai.jpg', 'https://www.dillards.com/is/image/DillardsZoom/main/jessica-howard-portrait-collar-party-dress/04279791_zi_black__03_ai.jpg']","['6', '8', '10', '12', '14', '16']",Portrait Collar Midi Dress,0133 011 JH4M6103,#04279791,"['$0.00', '$99.00']"
Kasper,"['https://www.dillards.com/is/image/DillardsZoom/main/kasper-petite-size-floral-print-pleat-front-top/05663220_zi_powder_blue.jpg', 'https://www.dillards.com/is/image/DillardsZoom/main/kasper-petite-size-floral-print-pleat-front-top/05663220_zi_powder_blue__01_ai.jpg']","['PS', 'PL', 'PXL']",Petite Size Floral Print Pleat Front Top,0109 842 10711825,#05663220,"['$0.00', '$39.00']"
Cupcakes & Cashmere,"['https://www.dillards.com/is/image/DillardsZoom/main/cupcakes--cashmere-rosea-valentine-floral-print-ruffle-fit--flare-bell-sleeve-mini-dress/05659787_zi_antique_lilac.jpg', 'https://www.dillards.com/is/image/DillardsZoom/main/cupcakes--cashmere-rosea-valentine-floral-print-ruffle-fit--flare-bell-sleeve-mini-dress/05659787_zi_antique_lilac__01_ai.jpg', 'https://www.dillards.com/is/image/DillardsZoom/main/cupcakes--cashmere-rosea-valentine-floral-print-ruffle-fit--flare-bell-sleeve-mini-dress/05659787_zi_antique_lilac__02_ai.jpg', 'https://www.dillards.com/is/image/DillardsZoom/main/cupcakes--cashmere-rosea-valentine-floral-print-ruffle-fit--flare-bell-sleeve-mini-dress/05659787_zi_antique_lilac__03_ai.jpg']","['XS', 'S', 'M', 'L']",Rosea Valentine Floral Print Ruffle Fit & Flare Bell Sleeve Mini Dress,0168 368 CJ108118,#05659787,"['$0.00', '$118.00']"
Eileen Fisher,"['https://www.dillards.com/is/image/DillardsZoom/main/eileen-fisher-plus-size-bateau-neck-shift-dress/05618281_zi_blue_ivy.jpg', 'https://www.dillards.com/is/image/DillardsZoom/main/eileen-fisher-plus-size-bateau-neck-shift-dress/05618281_zi_blue_ivy__01_ai.jpg', 'https://www.dillards.com/is/image/DillardsZoom/main/eileen-fisher-plus-size-bateau-neck-shift-dress/05618281_zi_blue_ivy__02_ai.jpg']","['2X', '3X']",Plus Size Bateau Neck Shift Dress,0148 640 R8TK-D4354X,#05618281,"['$0.00', '$208.00']"
ZOZO,"['https://www.dillards.com/is/image/DillardsZoom/main/zozo-nostalgic-scene-4-way-open-front-cardigan/05600242_zi_multi.jpg', 'https://www.dillards.com/is/image/DillardsZoom/main/zozo-nostalgic-scene-4-way-open-front-cardigan/05600242_zi_multi__01_ai.jpg', 'https://www.dillards.com/is/image/DillardsZoom/main/zozo-nostalgic-scene-4-way-open-front-cardigan/05600242_zi_multi__02_ai.jpg', 'https://www.dillards.com/is/image/DillardsZoom/main/zozo-nostalgic-scene-4-way-open-front-cardigan/05600242_zi_multi__03_ai.jpg', 'https://www.dillards.com/is/image/DillardsZoom/main/zozo-nostalgic-scene-4-way-open-front-cardigan/05600242_zi_multi__04_ai.jpg']","['S', 'M', 'L', 'XL', 'XXL']",Nostalgic Scene 4 Way Open Front Cardigan,0146 441 R182120DL,#05600242,"['$0.00', '$138.00']"
Bryn Walker,"['https://www.dillards.com/is/image/DillardsZoom/main/bryn-walker-basic-velvet-leggings/05519360_zi_black.jpg', 'https://www.dillards.com/is/image/DillardsZoom/main/bryn-walker-basic-velvet-leggings/05519360_zi_black__01_ai.jpg']","['XS', 'M', 'L', 'XL']",Basic Velvet Leggings,0144 300 18F70072001,#05519360,"['$0.00', '$118.00', '$41.30']"
Adrianna Papell,"['https://www.dillards.com/is/image/DillardsZoom/main/adrianna-papell-off-the-shoulder-beaded-bodice-gown/05462320_zi_navy_black.jpg', 'https://www.dillards.com/is/image/DillardsZoom/main/adrianna-papell-off-the-shoulder-beaded-bodice-gown/05462320_zi_navy_black__01_ai.jpg', 'https://www.dillards.com/is/image/DillardsZoom/main/adrianna-papell-off-the-shoulder-beaded-bodice-gown/05462320_zi_navy_black__02_ai.jpg']","['2', '4', '6', '8', '10', '12', '14']",Off-the-Shoulder Beaded Bodice Ball Gown,0134 107 AP1E204032,#05462320,"['$0.00', '$279.00']"
Kenneth Cole New York,"['https://www.dillards.com/is/image/DillardsZoom/main/kenneth-cole-new-york-v-neck-pullover/05513955_zi_burlwood_ecream.jpg', 'https://www.dillards.com/is/image/DillardsZoom/main/kenneth-cole-new-york-v-neck-pullover/05513955_zi_burlwood_ecream__01_ai.jpg']","['XS', 'S', 'M', 'L', 'XL']",V-Neck Pullover,0153 721 KCMH8ST018,#05513955,"['$0.00', '$89.00', '$53.40']"
Free People,"['https://www.dillards.com/is/image/DillardsZoom/main/free-people-maddie-denim-midi-length-pencil-skirt/05648671_zi_denim.jpg', 'https://www.dillards.com/is/image/DillardsZoom/main/free-people-maddie-denim-midi-length-pencil-skirt/05648671_zi_denim__01_ai.jpg', 'https://www.dillards.com/is/image/DillardsZoom/main/free-people-maddie-denim-midi-length-pencil-skirt/05648671_zi_denim__02_ai.jpg', 'https://www.dillards.com/is/image/DillardsZoom/main/free-people-maddie-denim-midi-length-pencil-skirt/05648671_zi_black.jpg', 'https://www.dillards.com/is/image/DillardsZoom/main/free-people-maddie-denim-midi-length-pencil-skirt/05648671_zi_black__01_ai.jpg', 'https://www.dillards.com/is/image/DillardsZoom/main/free-people-maddie-denim-midi-length-pencil-skirt/05648671_zi_black__02_ai.jpg']","['25', '26', '27', '28', '29', '30']",Maddie Denim Midi length Pencil Skirt,0169 020 OB933193,#05648671,"['$0.00', '$88.00']"
Trina Turk,"['https://www.dillards.com/is/image/DillardsZoom/main/trina-turk-alex-herringbone-faux-fur-collar-swing-coat/05390151_zi_herringbone.jpg', 'https://www.dillards.com/is/image/DillardsZoom/main/trina-turk-alex-herringbone-faux-fur-collar-swing-coat/05390151_zi_herringbone__01_ai.jpg', 'https://www.dillards.com/is/image/DillardsZoom/main/trina-turk-alex-herringbone-faux-fur-collar-swing-coat/05390151_zi_herringbone__02_ai.jpg', 'https://www.dillards.com/is/image/DillardsZoom/main/trina-turk-alex-herringbone-faux-fur-collar-swing-coat/05390151_zi_herringbone__03_ai.jpg', 'https://www.dillards.com/is/image/DillardsZoom/main/trina-turk-alex-herringbone-faux-fur-collar-swing-coat/05390151_zi_herringbone__04_ai.jpg']",[],Alex Herringbone Faux Fur Collar Swing Coat,0101 495 TK9098,#05390151,"['$0.00', '$249.00', '$149.40']"
Bryn Walker,"['https://www.dillards.com/is/image/DillardsZoom/main/bryn-walker-elastic-waist-wide-leg-cropped-flood-pants/05668287_zi_mangosteen.jpg', 'https://www.dillards.com/is/image/DillardsZoom/main/bryn-walker-elastic-waist-wide-leg-cropped-flood-pants/05668287_zi_mangosteen__01_ai.jpg', 'https://www.dillards.com/is/image/DillardsZoom/main/bryn-walker-elastic-waist-wide-leg-cropped-flood-pants/05668287_zi_mangosteen__02_ai.jpg']","['XS', 'S', 'M', 'L', 'XL']",Elastic Waist Wide Leg Cropped Flood Pants,0144 300 19S7550529,#05668287,"['$0.00', '$88.00']"
KUT from the Kloth,"['https://www.dillards.com/is/image/DillardsZoom/main/kut-from-the-kloth-mia-high-waist-skinny-jeans/05562835_zi_interfere_wash.jpg', 'https://www.dillards.com/is/image/DillardsZoom/main/kut-from-the-kloth-mia-high-waist-skinny-jeans/05562835_zi_interfere_wash__01_ai.jpg', 'https://www.dillards.com/is/image/DillardsZoom/main/kut-from-the-kloth-mia-high-waist-skinny-jeans/05562835_zi_interfere_wash__02_ai.jpg']",[],Mia High Waist Skinny Jeans,0193 410 KP0429MA5,#05562835,"['$0.00', '$89.00', '$31.15']"
Sugarlips,"['https://www.dillards.com/is/image/DillardsZoom/main/sugarlips-lace-up-striped-cropped-jumpsuit/05525842_zi_rust.jpg', 'https://www.dillards.com/is/image/DillardsZoom/main/sugarlips-lace-up-striped-cropped-jumpsuit/05525842_zi_rust__02_ai.jpg', 'https://www.dillards.com/is/image/DillardsZoom/main/sugarlips-lace-up-striped-cropped-jumpsuit/05525842_zi_rust__01_ai.jpg']","['XS', 'S', 'M', 'L']",Lace-Up Striped Cropped Jumpsuit,0166 604 OFP6664DR,#05525842,"['$0.00', '$99.00', '$24.75']"
Karen Kane,"['https://www.dillards.com/is/image/DillardsZoom/main/karen-kane-velvet-burnout-contrast-top/05584047_zi_black.jpg', 'https://www.dillards.com/is/image/DillardsZoom/main/karen-kane-velvet-burnout-contrast-top/05584047_zi_black__01_ai.jpg', 'https://www.dillards.com/is/image/DillardsZoom/main/karen-kane-velvet-burnout-contrast-top/05584047_zi_black__02_ai.jpg']","['S', 'M', 'L', 'XL']",Velvet Burnout Contrast Top,0153 480 4L43558,#05584047,"['$0.00', '$98.00', '$24.50']"
7 for all mankind,"['https://www.dillards.com/is/image/DillardsZoom/main/7-for-all-mankind-raw-hem-skinny-ankle-jeans/04893681_zi_rich_coastal_blue.jpg', 'https://www.dillards.com/is/image/DillardsZoom/main/7-for-all-mankind-raw-hem-skinny-ankle-jeans/04893681_zi_rich_coastal_blue__01_ai.jpg', 'https://www.dillards.com/is/image/DillardsZoom/main/7-for-all-mankind-raw-hem-skinny-ankle-jeans/04893681_zi_rich_coastal_blue__02_ai.jpg', 'https://www.dillards.com/is/image/DillardsZoom/main/7-for-all-mankind-raw-hem-skinny-ankle-jeans/04893681_zi_rich_coastal_blue__03_ai.jpg', 'https://www.dillards.com/is/image/DillardsZoom/main/7-for-all-mankind-raw-hem-skinny-ankle-jeans/04893681_zi_rich_coastal_blue__04_ai.jpg']","['25', '27', '26', '28', '29', '30', '31', '32']",7 For All Mankind Frayed Hem Skinny Ankle Jeans,0167 020 AU8150886A,#04893681,"['$0.00', '$169.00']"
Xscape,"['https://www.dillards.com/is/image/DillardsZoom/main/xscape-off-the-shoulder-velvet-gown/05519764_zi_burgundy.jpg', 'https://www.dillards.com/is/image/DillardsZoom/main/xscape-off-the-shoulder-velvet-gown/05519764_zi_burgundy__01_ai.jpg', 'https://www.dillards.com/is/image/DillardsZoom/main/xscape-off-the-shoulder-velvet-gown/05519764_zi_burgundy__02_ai.jpg', 'https://www.dillards.com/is/image/DillardsZoom/main/xscape-off-the-shoulder-velvet-gown/05519764_zi_burgundy__03_ai.jpg']",[],Off-the-Shoulder Velvet Gown,0135 281 XC159,#05519764,"['$0.00', '$168.00', '$100.80']"
I.N. Studio,"['https://www.dillards.com/is/image/DillardsZoom/main/i.n.-studio-plus-size-wide-stripe-knot-hem-detail-skirt/05612599_zi_black_white.jpg', 'https://www.dillards.com/is/image/DillardsZoom/main/i.n.-studio-plus-size-wide-stripe-knot-hem-detail-skirt/05612599_zi_black_white__01_ai.jpg', 'https://www.dillards.com/is/image/DillardsZoom/main/i.n.-studio-plus-size-wide-stripe-knot-hem-detail-skirt/05612599_zi_black_white__02_ai.jpg']","['1X', '2X', '3X']",Plus Size Wide Stripe Knot Hem Detail Skirt,0113 151 3468A01,#05612599,"['$0.00', '$44.00']"
Antonio Melani,"['https://www.dillards.com/is/image/DillardsZoom/main/antonio-melani-notch-collar-long-jacket/05508976_zi_salmon.jpg', 'https://www.dillards.com/is/image/DillardsZoom/main/antonio-melani-notch-collar-long-jacket/05508976_zi_salmon__01_ai.jpg', 'https://www.dillards.com/is/image/DillardsZoom/main/antonio-melani-notch-collar-long-jacket/05508976_zi_salmon__02_ai.jpg', 'https://www.dillards.com/is/image/DillardsZoom/main/antonio-melani-notch-collar-long-jacket/05508976_zi_salmon__03_ai.jpg', 'https://www.dillards.com/is/image/DillardsZoom/main/antonio-melani-notch-collar-long-jacket/05508976_zi_salmon__04_ai.jpg', 'https://www.dillards.com/is/image/DillardsZoom/main/antonio-melani-notch-collar-long-jacket/05508976_zi_salmon__05_ai.jpg', 'https://www.dillards.com/is/image/DillardsZoom/main/antonio-melani-notch-collar-long-jacket/05508976_zi_camel.jpg', 'https://www.dillards.com/is/image/DillardsZoom/main/antonio-melani-notch-collar-long-jacket/05508976_zi_camel__01_ai.jpg', 'https://www.dillards.com/is/image/DillardsZoom/main/antonio-melani-notch-collar-long-jacket/05508976_zi_camel__02_ai.jpg', 'https://www.dillards.com/is/image/DillardsZoom/main/antonio-melani-notch-collar-long-jacket/05508976_zi_camel__03_ai.jpg', 'https://www.dillards.com/is/image/DillardsZoom/main/antonio-melani-notch-collar-long-jacket/05508976_zi_camel__04_ai.jpg', 'https://www.dillards.com/is/image/DillardsZoom/main/antonio-melani-notch-collar-long-jacket/05508976_zi_camel__05_ai.jpg', 'https://www.dillards.com/is/image/DillardsZoom/main/antonio-melani-notch-collar-long-jacket/05508976_zi_dusty_blue.jpg', 'https://www.dillards.com/is/image/DillardsZoom/main/antonio-melani-notch-collar-long-jacket/05508976_zi_dusty_blue__01_ai.jpg', 'https://www.dillards.com/is/image/DillardsZoom/main/antonio-melani-notch-collar-long-jacket/05508976_zi_dusty_blue__02_ai.jpg', 'https://www.dillards.com/is/image/DillardsZoom/main/antonio-melani-notch-collar-long-jacket/05508976_zi_dusty_blue__03_ai.jpg']","['2', '4', '8', '10', '12']",Notch Collar Long Wool Jacket,0161 051 F20QDT007D,#05508976,"['$0.00', '$389.00', '$136.15']"
Aventura,"['https://www.dillards.com/is/image/DillardsZoom/main/aventura-carrick-jersey-stripe-sleeveless-dress/05588082_zi_black.jpg', 'https://www.dillards.com/is/image/DillardsZoom/main/aventura-carrick-jersey-stripe-sleeveless-dress/05588082_zi_black__01_ai.jpg', 'https://www.dillards.com/is/image/DillardsZoom/main/aventura-carrick-jersey-stripe-sleeveless-dress/05588082_zi_quiet_shadow.jpg', 'https://www.dillards.com/is/image/DillardsZoom/main/aventura-carrick-jersey-stripe-sleeveless-dress/05588082_zi_quiet_shadow__01_ai.jpg']","['S', 'M', 'L', 'XL']",Carrick Jersey Stripe Sleeveless Dress,0180 394 P73301JB,#05588082,"['$0.00', '$77.00']"
Aidan Mattox,"['https://www.dillards.com/is/image/DillardsZoom/main/aidan-mattox-off-the-shoulder-floral-print-slit-front-ballgown/05669084_zi_navy_multi.jpg', 'https://www.dillards.com/is/image/DillardsZoom/main/aidan-mattox-off-the-shoulder-floral-print-slit-front-ballgown/05669084_zi_navy_multi__01_ai.jpg']","['2', '4', '6', '8', '10', '12', '14']",Off-the-Shoulder Floral Print Slit Front Ballgown,0145 107 MD1E203566,#05669084,"['$0.00', '$440.00']"
Intro,"['https://www.dillards.com/is/image/DillardsZoom/main/intro-petite-size-draped-open-front-cozy-denim-jacket/05604048_zi_storm_wash.jpg', 'https://www.dillards.com/is/image/DillardsZoom/main/intro-petite-size-draped-open-front-cozy-denim-jacket/05604048_zi_storm_wash__01_ai.jpg', 'https://www.dillards.com/is/image/DillardsZoom/main/intro-petite-size-draped-open-front-cozy-denim-jacket/05604048_zi_storm_wash__02_ai.jpg', 'https://www.dillards.com/is/image/DillardsZoom/main/intro-petite-size-draped-open-front-cozy-denim-jacket/05604048_zi_storm_wash__03_ai.jpg', 'https://www.dillards.com/is/image/DillardsZoom/main/intro-petite-size-draped-open-front-cozy-denim-jacket/05604048_zi_medium_blue.jpg', 'https://www.dillards.com/is/image/DillardsZoom/main/intro-petite-size-draped-open-front-cozy-denim-jacket/05604048_zi_medium_blue__01_ai.jpg', 'https://www.dillards.com/is/image/DillardsZoom/main/intro-petite-size-draped-open-front-cozy-denim-jacket/05604048_zi_medium_blue__02_ai.jpg', 'https://www.dillards.com/is/image/DillardsZoom/main/intro-petite-size-draped-open-front-cozy-denim-jacket/05604048_zi_medium_blue__03_ai.jpg', 'https://www.dillards.com/is/image/DillardsZoom/main/intro-petite-size-draped-open-front-cozy-denim-jacket/05604048_zi_light_bleach.jpg', 'https://www.dillards.com/is/image/DillardsZoom/main/intro-petite-size-draped-open-front-cozy-denim-jacket/05604048_zi_light_bleach__01_ai.jpg', 'https://www.dillards.com/is/image/DillardsZoom/main/intro-petite-size-draped-open-front-cozy-denim-jacket/05604048_zi_light_bleach__02_ai.jpg', 'https://www.dillards.com/is/image/DillardsZoom/main/intro-petite-size-draped-open-front-cozy-denim-jacket/05604048_zi_light_bleach__03_ai.jpg']","['PS', 'PM', 'PL', 'PXL']",Petite Size Draped Open Front Cozy Denim Jacket,0126 203 450814R1D,#05604048,"['$0.00', '$54.00']"
Alex Marie,"['https://www.dillards.com/is/image/DillardsZoom/main/alex-marie-amelie-open-front-jacket/05417247_zi_black.jpg', 'https://www.dillards.com/is/image/DillardsZoom/main/alex-marie-amelie-open-front-jacket/05417247_zi_black__01_ai.jpg', 'https://www.dillards.com/is/image/DillardsZoom/main/alex-marie-amelie-open-front-jacket/05417247_zi_black__02_ai.jpg']","['S', 'XL']",Amelie Open Front Jacket,0189 859 8210M104,#05417247,"['$0.00', '$129.00', '$32.25']"
Gibson & Latimer,"['https://www.dillards.com/is/image/DillardsZoom/main/gibson--latimer-plus-size-striped-blouse/05495332_zi_navy_white.jpg', 'https://www.dillards.com/is/image/DillardsZoom/main/gibson--latimer-plus-size-striped-blouse/05495332_zi_navy_white__01_ai.jpg', 'https://www.dillards.com/is/image/DillardsZoom/main/gibson--latimer-plus-size-striped-blouse/05495332_zi_navy_white__02_ai.jpg']","['1X', '2X', '3X']",Plus Size Striped Blouse,0187 037 TB38293,#05495332,"['$0.00', '$74.00', '$25.90']"
Investments,"['https://www.dillards.com/is/image/DillardsZoom/main/investments-petite-size-long-sleeve-jewel-neck-blouse/05619807_zi_black.jpg', 'https://www.dillards.com/is/image/DillardsZoom/main/investments-petite-size-long-sleeve-jewel-neck-blouse/05619807_zi_seafoam_pearl.jpg', 'https://www.dillards.com/is/image/DillardsZoom/main/investments-petite-size-long-sleeve-jewel-neck-blouse/05619807_zi_soft_white.jpg', 'https://www.dillards.com/is/image/DillardsZoom/main/investments-petite-size-long-sleeve-jewel-neck-blouse/05619807_zi_vivid_watermelon.jpg']","['PS', 'PM', 'PL', 'PXL']",Petite Size Long Sleeve Jewel Neck Blouse,0127 098 S91WV102P,#05619807,"['$0.00', '$49.00']"
Tahari ASL,"['https://www.dillards.com/is/image/DillardsZoom/main/tahari-asl-floral-print-tie-neck-top/05609138_zi_grey_ivory_pink.jpg', 'https://www.dillards.com/is/image/DillardsZoom/main/tahari-asl-floral-print-tie-neck-top/05609138_zi_grey_ivory_pink__01_ai.jpg']","['XS', 'S', 'M', 'L', 'XL']",Floral Print Tie Neck Top,0108 170 9188M799,#05609138,"['$0.00', '$56.00', '$33.60']"
Multiples,"['https://www.dillards.com/is/image/DillardsZoom/main/multiples-petite-size-striped-banded-v-neck-top/05648320_zi_black_white.jpg', 'https://www.dillards.com/is/image/DillardsZoom/main/multiples-petite-size-striped-banded-v-neck-top/05648320_zi_black_white__01_ai.jpg']","['PS', 'PM', 'PL', 'PXL']",Petite Size Striped Banded V-Neck Top,0123 855 M19602TP,#05648320,"['$0.00', '$59.00']"
Eileen Fisher,"['https://www.dillards.com/is/image/DillardsZoom/main/eileen-fisher-pull-on-ankle-pants/05585662_zi_black.jpg', 'https://www.dillards.com/is/image/DillardsZoom/main/eileen-fisher-pull-on-ankle-pants/05585662_zi_black__01_ai.jpg']","['M', 'XL']",Pull-On Ankle Pants,0140 639 R8TK-P4097M,#05585662,"['$0.00', '$178.00', '$106.80']"
JS Collections,"['https://www.dillards.com/is/image/DillardsZoom/main/js-collections-illusion-beaded-a-line-gown/05087631_zi_blush_nude.jpg', 'https://www.dillards.com/is/image/DillardsZoom/main/js-collections-illusion-beaded-a-line-gown/05087631_zi_blush_nude__01_ai.jpg', 'https://www.dillards.com/is/image/DillardsZoom/main/js-collections-illusion-beaded-a-line-gown/05087631_zi_blush_nude__02_ai.jpg', 'https://www.dillards.com/is/image/DillardsZoom/main/js-collections-illusion-beaded-a-line-gown/05087631_zi_blush_nude__03_ai.jpg', 'https://www.dillards.com/is/image/DillardsZoom/main/js-collections-illusion-beaded-a-line-gown/05087631_zi_blush_nude__04_ai.jpg', 'https://www.dillards.com/is/image/DillardsZoom/main/js-collections-illusion-beaded-a-line-gown/05087631_zi_cabernet.jpg', 'https://www.dillards.com/is/image/DillardsZoom/main/js-collections-illusion-beaded-a-line-gown/05087631_zi_cabernet__01_ai.jpg', 'https://www.dillards.com/is/image/DillardsZoom/main/js-collections-illusion-beaded-a-line-gown/05087631_zi_cabernet__02_ai.jpg', 'https://www.dillards.com/is/image/DillardsZoom/main/js-collections-illusion-beaded-a-line-gown/05087631_zi_cabernet__03_ai.jpg', 'https://www.dillards.com/is/image/DillardsZoom/main/js-collections-illusion-beaded-a-line-gown/05087631_zi_cabernet__04_ai.jpg', 'https://www.dillards.com/is/image/DillardsZoom/main/js-collections-illusion-beaded-a-line-gown/05087631_zi_navy.jpg', 'https://www.dillards.com/is/image/DillardsZoom/main/js-collections-illusion-beaded-a-line-gown/05087631_zi_navy__01_ai.jpg', 'https://www.dillards.com/is/image/DillardsZoom/main/js-collections-illusion-beaded-a-line-gown/05087631_zi_navy__02_ai.jpg', 'https://www.dillards.com/is/image/DillardsZoom/main/js-collections-illusion-beaded-a-line-gown/05087631_zi_navy__03_ai.jpg']","['2', '4', '6', '8', '10', '14', '16']",Illusion Beaded Bodice A-Line Chiffon Gown,0135 783 866473,#05087631,"['$0.00', '$298.00']"
Spanx,"['https://www.dillards.com/is/image/DillardsZoom/main/spanx-plus-jean-ish-ankle-leggings/05111315_zi_stone_wash_camo.jpg', 'https://www.dillards.com/is/image/DillardsZoom/main/spanx-plus-jean-ish-ankle-leggings/05111315_zi_stone_wash_camo__01_ai.jpg', 'https://www.dillards.com/is/image/DillardsZoom/main/spanx-plus-jean-ish-ankle-leggings/05111315_zi_stone_wash_camo__02_ai.jpg', 'https://www.dillards.com/is/image/DillardsZoom/main/spanx-plus-jean-ish-ankle-leggings/05111315_zi_earthy_taupe.jpg', 'https://www.dillards.com/is/image/DillardsZoom/main/spanx-plus-jean-ish-ankle-leggings/05111315_zi_earthy_taupe__01_ai.jpg', 'https://www.dillards.com/is/image/DillardsZoom/main/spanx-plus-jean-ish-ankle-leggings/05111315_zi_earthy_taupe__02_ai.jpg', 'https://www.dillards.com/is/image/DillardsZoom/main/spanx-plus-jean-ish-ankle-leggings/05111315_zi_dark_olive.jpg', 'https://www.dillards.com/is/image/DillardsZoom/main/spanx-plus-jean-ish-ankle-leggings/05111315_zi_dark_olive__01_ai.jpg']","['1X', '2X']",Plus Jean-ish Ankle Leggings,0262 378 20018P,#05111315,"['$0.00', '$102.00']"
Antonio Melani,"['https://www.dillards.com/is/image/DillardsZoom/main/antonio-melani-pam-puff-sleeve-silk-blouse/05551174_zi_vanilla.jpg', 'https://www.dillards.com/is/image/DillardsZoom/main/antonio-melani-pam-puff-sleeve-silk-blouse/05551174_zi_vanilla__01_ai.jpg', 'https://www.dillards.com/is/image/DillardsZoom/main/antonio-melani-pam-puff-sleeve-silk-blouse/05551174_zi_vanilla__02_ai.jpg']","['S', 'M', 'L']",Pam Bishop Sleeve Silk Blouse,0161 117 8290M518,#05551174,"['$0.00', '$149.00', '$52.15']"
Gal Meets Glam Collection,"['https://www.dillards.com/is/image/DillardsZoom/main/gal-meets-glam-collection-petite-size-kathleen-button-front-fit-and-flare-dress/05663849_zi_salmon.jpg', 'https://www.dillards.com/is/image/DillardsZoom/main/gal-meets-glam-collection-petite-size-kathleen-button-front-fit-and-flare-dress/05663849_zi_salmon__01_ai.jpg', 'https://www.dillards.com/is/image/DillardsZoom/main/gal-meets-glam-collection-petite-size-kathleen-button-front-fit-and-flare-dress/05663849_zi_salmon__02_ai.jpg', 'https://www.dillards.com/is/image/DillardsZoom/main/gal-meets-glam-collection-petite-size-kathleen-button-front-fit-and-flare-dress/05663849_zi_salmon__03_ai.jpg', 'https://www.dillards.com/is/image/DillardsZoom/main/gal-meets-glam-collection-petite-size-kathleen-button-front-fit-and-flare-dress/05663849_zi_salmon__04_ai.jpg']","['8P', '10P', '12P', '14P']",Petite Size Kathleen Button Front Fit & Flare Dress,0130 883 K0279P,#05663849,"['$0.00', '$179.00']"
Tahari ASL,"['https://www.dillards.com/is/image/DillardsZoom/main/tahari-asl-petite-size-crepe-elastic-waist-wide-leg-cropped-pant/05675054_zi_ivory.jpg', 'https://www.dillards.com/is/image/DillardsZoom/main/tahari-asl-petite-size-crepe-elastic-waist-wide-leg-cropped-pant/05675054_zi_ivory__01_ai.jpg']","['2P', '4P', '6P', '8P', '10P', '12P', '14P']",Petite Size Crepe Elastic Waist Wide Leg Cropped Pant,0109 355 TSPS9WP012,#05675054,"['$0.00', '$89.00']"
Allison Daley,[],"['PXS', 'PS', 'PM', 'PL']",Petite Size Firework Print Pucker Knit Top,0128 366 U88086870,#05608428,"['$0.00', '$35.00']"
Tommy Hilfiger,"['https://www.dillards.com/is/image/DillardsZoom/main/tommy-hilfiger-sport-colorblock-zip-front-hoodie/05694702_zi_navy.jpg', 'https://www.dillards.com/is/image/DillardsZoom/main/tommy-hilfiger-sport-colorblock-zip-front-hoodie/05694702_zi_navy__01_ai.jpg', 'https://www.dillards.com/is/image/DillardsZoom/main/tommy-hilfiger-sport-colorblock-zip-front-hoodie/05694702_zi_navy__02_ai.jpg']","['S', 'M', 'L', 'XL']",Sport Colorblock Zip Front Hoodie,0176 154 TP94422J,#05694702,"['$0.00', '$69.00']"
Tasha Polizzi,"['https://www.dillards.com/is/image/DillardsZoom/main/tasha-polozzi-gabrielle-brushed-knit-fringe-sleeve-sharkbite-hem-top/05425697_zi_black.jpg', 'https://www.dillards.com/is/image/DillardsZoom/main/tasha-polozzi-gabrielle-brushed-knit-fringe-sleeve-sharkbite-hem-top/05425697_zi_black__01_ai.jpg', 'https://www.dillards.com/is/image/DillardsZoom/main/tasha-polozzi-gabrielle-brushed-knit-fringe-sleeve-sharkbite-hem-top/05425697_zi_black__02_ai.jpg']","['M', 'L', 'XL']",Gabrielle Brushed Knit Fringe Faux Suede Trim Sharkbite Hem Top,0105 567 261126,#05425697,"['$0.00', '$98.00', '$73.50']"
Westbound,"['https://www.dillards.com/is/image/DillardsZoom/main/westbound-petite-size-the-park-ave-fit-shorts/05608505_zi_light_khaki.jpg', 'https://www.dillards.com/is/image/DillardsZoom/main/westbound-petite-size-the-park-ave-fit-shorts/05608505_zi_light_khaki__01_ai.jpg', 'https://www.dillards.com/is/image/DillardsZoom/main/westbound-petite-size-the-park-ave-fit-shorts/05608505_zi_light_khaki__02_ai.jpg', 'https://www.dillards.com/is/image/DillardsZoom/main/westbound-petite-size-the-park-ave-fit-shorts/05608505_zi_black.jpg', 'https://www.dillards.com/is/image/DillardsZoom/main/westbound-petite-size-the-park-ave-fit-shorts/05608505_zi_white.jpg', 'https://www.dillards.com/is/image/DillardsZoom/main/westbound-petite-size-the-park-ave-fit-shorts/05608505_zi_white__01_ai.jpg', 'https://www.dillards.com/is/image/DillardsZoom/main/westbound-petite-size-the-park-ave-fit-shorts/05608505_zi_white__02_ai.jpg']","['2P', '4P', '6P', '8P', '10P', '12P', '14P', '16P']",Petite Size the PARK AVE fit Shorts,0124 004 S91HWG12XP,#05608505,"['$0.00', '$34.00']"
Xscape,"['https://www.dillards.com/is/image/DillardsZoom/main/xscape-off-the-shoulder-popover-front-slit-jersey-gown/05669940_zi_electric_blue.jpg', 'https://www.dillards.com/is/image/DillardsZoom/main/xscape-off-the-shoulder-popover-front-slit-jersey-gown/05669940_zi_electric_blue__01_ai.jpg']","['4', '6', '8', '10', '12', '14', '16']",Off-the-Shoulder Popover Front Slit Jersey Gown,0135 281 2189X,#05669940,"['$0.00', '$129.00']"
True Religion,"['https://www.dillards.com/is/image/DillardsZoom/main/true-religion-jenny-curvy-striped-skinny-jeans/05561007_zi_full_eclipse.jpg', 'https://www.dillards.com/is/image/DillardsZoom/main/true-religion-jenny-curvy-striped-skinny-jeans/05561007_zi_full_eclipse__01_ai.jpg', 'https://www.dillards.com/is/image/DillardsZoom/main/true-religion-jenny-curvy-striped-skinny-jeans/05561007_zi_full_eclipse__02_ai.jpg']","['25', '26', '27', '28', '29', '30', '31']",Jenny Curvy Striped Skinny Jeans,0167 010 200989,#05561007,"['$0.00', '$229.00', '$171.75']"
Becca by Rebecca Virtue,"['https://www.dillards.com/is/image/DillardsZoom/main/becca-socialite-shirred-one-piece-swimsuit/05581691_zi_black.jpg', 'https://www.dillards.com/is/image/DillardsZoom/main/becca-socialite-shirred-one-piece-swimsuit/05581691_zi_black__01_ai.jpg']","['S', 'M', 'L']",Socialite Shirred One Piece Swimsuit,0199 766 191497,#05581691,"['$0.00', '$124.00']"
Kasper,"['https://www.dillards.com/is/image/DillardsZoom/main/kasper-knit-jacquard-animal-skirt/05548385_zi_black_multi.jpg', 'https://www.dillards.com/is/image/DillardsZoom/main/kasper-knit-jacquard-animal-skirt/05548385_zi_black_multi__01_ai.jpg', 'https://www.dillards.com/is/image/DillardsZoom/main/kasper-knit-jacquard-animal-skirt/05548385_zi_black_multi__02_ai.jpg']","['8', '16']",Knit Jacquard Leopard Animal Skirt,0108 842 10702692,#05548385,"['$0.00', '$69.00', '$24.15']"
Aratta,"['https://www.dillards.com/is/image/DillardsZoom/main/aratta-made-beautifully-by-s.k.-floral-print-convertible-maxi-shirt-dress/05646108_zi_floral_riviera.jpg', 'https://www.dillards.com/is/image/DillardsZoom/main/aratta-made-beautifully-by-s.k.-floral-print-convertible-maxi-shirt-dress/05646108_zi_floral_riviera__01_ai.jpg', 'https://www.dillards.com/is/image/DillardsZoom/main/aratta-made-beautifully-by-s.k.-floral-print-convertible-maxi-shirt-dress/05646108_zi_floral_riviera__02_ai.jpg']","['XS', 'S', 'M', 'L', 'XL']",Made Beautifully by S.K. Floral Print Convertible Maxi Shirt Dress,0155 155 ED19A738,#05646108,"['$0.00', '$225.00']"
Adrianna Papell,"['https://www.dillards.com/is/image/DillardsZoom/main/adrianna-papell-sequin-bodice-hi-low-gown/05664515_zi_midnight_navy.jpg', 'https://www.dillards.com/is/image/DillardsZoom/main/adrianna-papell-sequin-bodice-hi-low-gown/05664515_zi_midnight_navy__01_ai.jpg']","['2', '4', '6', '8', '10', '12', '14', '16']",Sequin Bodice Hi-Low Handkerchief Gown,0134 107 AP1E205139,#05664515,"['$0.00', '$229.00']"
Jessica Howard,"['https://www.dillards.com/is/image/DillardsZoom/main/jessica-howard-fit-and-flare-bolero-jacket-dress/05534931_zi_black_ivory.jpg', 'https://www.dillards.com/is/image/DillardsZoom/main/jessica-howard-fit-and-flare-bolero-jacket-dress/05534931_zi_black_ivory__01_ai.jpg', 'https://www.dillards.com/is/image/DillardsZoom/main/jessica-howard-fit-and-flare-bolero-jacket-dress/05534931_zi_black_ivory__02_ai.jpg']",[],Lace Bolero Jacket Dress,0133 011 JH8M6188,#05534931,"['$0.00', '$150.00', '$52.50']"
Eileen Fisher,"['https://www.dillards.com/is/image/DillardsZoom/main/eileen-fisher-v-neck-elbow-sleeve-top/05577187_zi_mallow.jpg', 'https://www.dillards.com/is/image/DillardsZoom/main/eileen-fisher-v-neck-elbow-sleeve-top/05577187_zi_mallow__01_ai.jpg', 'https://www.dillards.com/is/image/DillardsZoom/main/eileen-fisher-v-neck-elbow-sleeve-top/05577187_zi_cantaloupe.jpg', 'https://www.dillards.com/is/image/DillardsZoom/main/eileen-fisher-v-neck-elbow-sleeve-top/05577187_zi_cantaloupe__01_ai.jpg', 'https://www.dillards.com/is/image/DillardsZoom/main/eileen-fisher-v-neck-elbow-sleeve-top/05577187_zi_white.jpg', 'https://www.dillards.com/is/image/DillardsZoom/main/eileen-fisher-v-neck-elbow-sleeve-top/05577187_zi_white__01_ai.jpg']","['XS', 'S', 'M', 'L', 'XL']",V-Neck Elbow Sleeve Top,0140 639 R8SOJ-T4804M,#05577187,"['$0.00', '$78.00']"
Gianni Bini,"['https://www.dillards.com/is/image/DillardsZoom/main/gianni-bini-georgina-short-sleeve-knit-top/05657726_zi_red.jpg', 'https://www.dillards.com/is/image/DillardsZoom/main/gianni-bini-georgina-short-sleeve-knit-top/05657726_zi_red__01_ai.jpg', 'https://www.dillards.com/is/image/DillardsZoom/main/gianni-bini-georgina-short-sleeve-knit-top/05657726_zi_bright_yellow.jpg', 'https://www.dillards.com/is/image/DillardsZoom/main/gianni-bini-georgina-short-sleeve-knit-top/05657726_zi_bright_yellow__01_ai.jpg', 'https://www.dillards.com/is/image/DillardsZoom/main/gianni-bini-georgina-short-sleeve-knit-top/05657726_zi_light_blue.jpg', 'https://www.dillards.com/is/image/DillardsZoom/main/gianni-bini-georgina-short-sleeve-knit-top/05657726_zi_light_blue__01_ai.jpg']","['XS', 'S', 'M', 'L', 'XL']",Georgina Short Sleeve Knit Top,0160 857 99GBM604,#05657726,"['$0.00', '$59.00']"
Antonio Melani,"['https://www.dillards.com/is/image/DillardsZoom/main/antonio-melani-wool-a-line-double-breasted-coat/05508998_zi_lilac.jpg', 'https://www.dillards.com/is/image/DillardsZoom/main/antonio-melani-wool-a-line-double-breasted-coat/05508998_zi_lilac__01_ai.jpg', 'https://www.dillards.com/is/image/DillardsZoom/main/antonio-melani-wool-a-line-double-breasted-coat/05508998_zi_lilac__02_ai.jpg', 'https://www.dillards.com/is/image/DillardsZoom/main/antonio-melani-wool-a-line-double-breasted-coat/05508998_zi_lilac__03_ai.jpg', 'https://www.dillards.com/is/image/DillardsZoom/main/antonio-melani-wool-a-line-double-breasted-coat/05508998_zi_lilac__04_ai.jpg', 'https://www.dillards.com/is/image/DillardsZoom/main/antonio-melani-wool-a-line-double-breasted-coat/05508998_zi_lilac__05_ai.jpg', 'https://www.dillards.com/is/image/DillardsZoom/main/antonio-melani-wool-a-line-double-breasted-coat/05508998_zi_green.jpg', 'https://www.dillards.com/is/image/DillardsZoom/main/antonio-melani-wool-a-line-double-breasted-coat/05508998_zi_green__01_ai.jpg', 'https://www.dillards.com/is/image/DillardsZoom/main/antonio-melani-wool-a-line-double-breasted-coat/05508998_zi_green__02_ai.jpg', 'https://www.dillards.com/is/image/DillardsZoom/main/antonio-melani-wool-a-line-double-breasted-coat/05508998_zi_rust.jpg', 'https://www.dillards.com/is/image/DillardsZoom/main/antonio-melani-wool-a-line-double-breasted-coat/05508998_zi_rust__01_ai.jpg', 'https://www.dillards.com/is/image/DillardsZoom/main/antonio-melani-wool-a-line-double-breasted-coat/05508998_zi_rust__02_ai.jpg', 'https://www.dillards.com/is/image/DillardsZoom/main/antonio-melani-wool-a-line-double-breasted-coat/05508998_zi_rust__03_ai.jpg', 'https://www.dillards.com/is/image/DillardsZoom/main/antonio-melani-wool-a-line-double-breasted-coat/05508998_zi_rust__04_ai.jpg', 'https://www.dillards.com/is/image/DillardsZoom/main/antonio-melani-wool-a-line-double-breasted-coat/05508998_zi_rust__05_ai.jpg', 'https://www.dillards.com/is/image/DillardsZoom/main/antonio-melani-wool-a-line-double-breasted-coat/05508998_zi_rust__06_ai.jpg']","['0', '2', '4', '6', '8', '10', '12', '14']",Wool A-Line Double Breasted Coat,0161 051 F20QD6142D,#05508998,"['$0.00', '$369.00', '$129.15']"
A Loves A,"['https://www.dillards.com/is/image/DillardsZoom/main/a-loves-a-frayed-hem-extreme-flare-jean/05443458_zi_dark_blue.jpg', 'https://www.dillards.com/is/image/DillardsZoom/main/a-loves-a-frayed-hem-extreme-flare-jean/05443458_zi_dark_blue__01_ai.jpg', 'https://www.dillards.com/is/image/DillardsZoom/main/a-loves-a-frayed-hem-extreme-flare-jean/05443458_zi_dark_blue__02_ai.jpg']","['25', '26', '27']",A loves A Frayed Hem Extreme Flare Jean,0186 024 R5019RC1,#05443458,"['$0.00', '$119.00', '$29.75']"
Antonio Melani,"['https://www.dillards.com/is/image/DillardsZoom/main/antonio-melani-floral-print-belted-one-piece-swimsuit/05654466_zi_white.jpg', 'https://www.dillards.com/is/image/DillardsZoom/main/antonio-melani-floral-print-belted-one-piece-swimsuit/05654466_zi_white__01_ai.jpg']","['XS', 'S', 'M', 'L']",Floral Print Belted One Piece Swimsuit,0196 067 AM353559,#05654466,"['$0.00', '$106.00']"
Jones New York,"['https://www.dillards.com/is/image/DillardsZoom/main/jones-new-york-plus-size-patch-pocket-sweater-vest/05620068_zi_silver_grey_heather.jpg', 'https://www.dillards.com/is/image/DillardsZoom/main/jones-new-york-plus-size-patch-pocket-sweater-vest/05620068_zi_silver_grey_heather__01_ai.jpg']","['1X', '2X', '3X']",Plus Size Patch Pocket Sweater Vest,0115 722 JMWH8SV034,#05620068,"['$0.00', '$89.50']"
Aratta,"['https://www.dillards.com/is/image/DillardsZoom/main/aratta-true-to-yourself-floral-print-maxi-dress/05655407_zi_peach_floral.jpg', 'https://www.dillards.com/is/image/DillardsZoom/main/aratta-true-to-yourself-floral-print-maxi-dress/05655407_zi_peach_floral__01_ai.jpg', 'https://www.dillards.com/is/image/DillardsZoom/main/aratta-true-to-yourself-floral-print-maxi-dress/05655407_zi_peach_floral__02_ai.jpg']","['XS', 'S', 'M', 'L', 'XL']",True To Yourself Floral Print Scoop Neck Spaghetti Strap Maxi Dress,0155 155 ED19B734,#05655407,"['$0.00', '$130.00']"
Nicole Miller,"['https://www.dillards.com/is/image/DillardsZoom/main/nicole-miller-artelier-felicity-matte-jersey-sheath-dress/05221950_zi_red.jpg', 'https://www.dillards.com/is/image/DillardsZoom/main/nicole-miller-artelier-felicity-matte-jersey-sheath-dress/05221950_zi_red__01_ai.jpg']","['XS', 'S', 'M', 'L']",Artelier Felicity Matte Jersey Sheath Dress,0165 213 BF0633,#05221950,"['$0.00', '$275.00']"
Peter Nygard,"['https://www.dillards.com/is/image/DillardsZoom/main/peter-nygard-denim-lace-trim-vest/05557094_zi_indigo.jpg', 'https://www.dillards.com/is/image/DillardsZoom/main/peter-nygard-denim-lace-trim-vest/05557094_zi_indigo__01_ai.jpg']","['S', 'M']",Denim Lace Trim Vest,0150 466 U3B11S47D,#05557094,"['$0.00', '$119.00', '$71.40']"
Kasper,"['https://www.dillards.com/is/image/DillardsZoom/main/kasper-petite-size-stretch-crepe-v-neck-sheath-dress/05423160_zi_black.jpg', 'https://www.dillards.com/is/image/DillardsZoom/main/kasper-petite-size-stretch-crepe-v-neck-sheath-dress/05423160_zi_black__01_ai.jpg']","['4P', '6P', '8P', '10P', '12P', '14P', '16P']",Petite Size Stretch Crepe V-Neck Sheath Dress,0109 842 10677867,#05423160,"['$0.00', '$79.00']"
Buffalo David Bitton,"['https://www.dillards.com/is/image/DillardsZoom/main/buffalo-david-bitton-romantica-victorian-lace-ruffle-bell-sleeve-top/05572083_zi_victorian_rose.jpg', 'https://www.dillards.com/is/image/DillardsZoom/main/buffalo-david-bitton-romantica-victorian-lace-ruffle-bell-sleeve-top/05572083_zi_victorian_rose__01_ai.jpg', 'https://www.dillards.com/is/image/DillardsZoom/main/buffalo-david-bitton-romantica-victorian-lace-ruffle-bell-sleeve-top/05572083_zi_victorian_rose__02_ai.jpg']","['XS', 'S', 'M']",Romantic Lace Victorian Ruffle Bell Sleeve Top,0166 299 WT0928,#05572083,"['$0.00', '$89.00', '$31.15']"
Vince Camuto,"['https://www.dillards.com/is/image/DillardsZoom/main/vince-camuto-ruffle-wide-leg-high-rise-pant/05593715_zi_rich_black.jpg', 'https://www.dillards.com/is/image/DillardsZoom/main/vince-camuto-ruffle-wide-leg-high-rise-pant/05593715_zi_rich_black__01_ai.jpg', 'https://www.dillards.com/is/image/DillardsZoom/main/vince-camuto-ruffle-wide-leg-high-rise-pant/05593715_zi_rich_black__02_ai.jpg', 'https://www.dillards.com/is/image/DillardsZoom/main/vince-camuto-ruffle-wide-leg-high-rise-pant/05593715_zi_rich_black__03_ai.jpg']","['2', '8', '10', '12']",Ruffle Wide Leg High Rise Pant,0183 119 9168305,#05593715,"['$0.00', '$119.00', '$41.65']"
Alex Evenings,"['https://www.dillards.com/is/image/DillardsZoom/main/alex-evenings-plus-size-mock-2-piece-lace-jacket-dress/05443217_zi_cobalt.jpg', 'https://www.dillards.com/is/image/DillardsZoom/main/alex-evenings-plus-size-mock-2-piece-lace-jacket-dress/05443217_zi_cobalt__01_ai.jpg', 'https://www.dillards.com/is/image/DillardsZoom/main/alex-evenings-plus-size-mock-2-piece-lace-jacket-dress/05443217_zi_cobalt__02_ai.jpg', 'https://www.dillards.com/is/image/DillardsZoom/main/alex-evenings-plus-size-mock-2-piece-lace-jacket-dress/05443217_zi_peacock.jpg', 'https://www.dillards.com/is/image/DillardsZoom/main/alex-evenings-plus-size-mock-2-piece-lace-jacket-dress/05443217_zi_peacock__01_ai.jpg', 'https://www.dillards.com/is/image/DillardsZoom/main/alex-evenings-plus-size-mock-2-piece-lace-jacket-dress/05443217_zi_peacock__02_ai.jpg']","['14W', '16W', '22W', '24W']",Plus Size Mock 2-Piece Lace Jacket Dress,0139 119 8412213,#05443217,"['$0.00', '$219.00', '$131.40 - $219.00', '$219.00', '$219.00', '$131.40']"
La Blanca,"['https://www.dillards.com/is/image/DillardsZoom/main/la-blanca-island-goddess-bandeau-one-piece-swimsuit/04608983_zi_purple_twilight.jpg', 'https://www.dillards.com/is/image/DillardsZoom/main/la-blanca-island-goddess-bandeau-one-piece-swimsuit/04608983_zi_purple_twilight__01_ai.jpg', 'https://www.dillards.com/is/image/DillardsZoom/main/la-blanca-island-goddess-bandeau-one-piece-swimsuit/04608983_zi_midnight.jpg', 'https://www.dillards.com/is/image/DillardsZoom/main/la-blanca-island-goddess-bandeau-one-piece-swimsuit/04608983_zi_midnight__01_ai.jpg', 'https://www.dillards.com/is/image/DillardsZoom/main/la-blanca-island-goddess-bandeau-one-piece-swimsuit/04608983_zi_midnight__02_ai.jpg']","['4', '6', '8', '10', '12', '14', '16']",Island Goddess Bandeau One-Piece Swimsuit,0198 356 LB6BA20,#04608983,"['$0.00', '$109.00']"
Chelsea & Violet,"['https://www.dillards.com/is/image/DillardsZoom/main/chelsea--violet-floral-print-surplice-v-neck-tie-waist-wide-leg-jumpsuit/05658735_zi_delft.jpg', 'https://www.dillards.com/is/image/DillardsZoom/main/chelsea--violet-floral-print-surplice-v-neck-tie-waist-wide-leg-jumpsuit/05658735_zi_delft__01_ai.jpg', 'https://www.dillards.com/is/image/DillardsZoom/main/chelsea--violet-floral-print-surplice-v-neck-tie-waist-wide-leg-jumpsuit/05658735_zi_delft__02_ai.jpg']","['XS', 'S', 'M', 'L']",Floral Print Surplice V-Neck Tie Waist Wide Leg Jumpsuit,0164 102 8C12P59,#05658735,"['$0.00', '$128.00']"
Silver Jeans Co.,"['https://www.dillards.com/is/image/DillardsZoom/main/silver-jeans-co.-plus-size-elyse-straight-leg-jeans/05576205_zi_indigo.jpg', 'https://www.dillards.com/is/image/DillardsZoom/main/silver-jeans-co.-plus-size-elyse-straight-leg-jeans/05576205_zi_indigo__01_ai.jpg', 'https://www.dillards.com/is/image/DillardsZoom/main/silver-jeans-co.-plus-size-elyse-straight-leg-jeans/05576205_zi_indigo__02_ai.jpg']","['14W', '14W Long', '16W', '16W Long', '18W', '18W Long', '20W', '20W Long', '22W', '22W Long', '24W', '24W Long']",Plus Size Elyse Contrast Stitching Straight Leg Jeans,0119 180 W03403SDK441,#05576205,"['$0.00', '$99.00', '$74.25']"
Preston & York,"['https://www.dillards.com/is/image/DillardsZoom/main/preston--york-keirsten-cardigan/05612019_zi_iris.jpg', 'https://www.dillards.com/is/image/DillardsZoom/main/preston--york-keirsten-cardigan/05612019_zi_iris__01_ai.jpg']","['S', 'M', 'L', 'XL']",Keirsten Button Front Cardigan,0182 025 9145M614,#05612019,"['$0.00', '$89.00', '$53.40']"
Soulmates,"['https://www.dillards.com/is/image/DillardsZoom/main/soulmates-plus-asymmetrical-baroque-lace-pant-set/05072407_zi_navy.jpg', 'https://www.dillards.com/is/image/DillardsZoom/main/soulmates-plus-asymmetrical-baroque-lace-pant-set/05072407_zi_navy__01_ai.jpg']","['1X', '2X', '3X']",Plus Asymmetrical Baroque Lace Pant Set,0139 232 1604X,#05072407,"['$0.00', '$328.00']"
Allison Daley,"['https://www.dillards.com/is/image/DillardsZoom/main/allison-daley-petite-size-ribbed-knit-long-sleeve-top/05502402_zi_black.jpg', 'https://www.dillards.com/is/image/DillardsZoom/main/allison-daley-petite-size-ribbed-knit-long-sleeve-top/05502402_zi_black__01_ai.jpg', 'https://www.dillards.com/is/image/DillardsZoom/main/allison-daley-petite-size-ribbed-knit-long-sleeve-top/05502402_zi_black__02_ai.jpg']",[],Petite Size Ribbed Knit Long Sleeve Top,0128 366 SAK0XT892,#05502402,"['$0.00', '$20.00', '$12.00']"
Allison Daley,"['https://www.dillards.com/is/image/DillardsZoom/main/allison-daley-roll-tab-sleeve-button-front-plaid-stretch-shirt/05623228_zi_navy_yellow_plaid.jpg', 'https://www.dillards.com/is/image/DillardsZoom/main/allison-daley-roll-tab-sleeve-button-front-plaid-stretch-shirt/05623228_zi_navy_yellow_plaid__01_ai.jpg', 'https://www.dillards.com/is/image/DillardsZoom/main/allison-daley-roll-tab-sleeve-button-front-plaid-stretch-shirt/05623228_zi_navy_yellow_plaid__02_ai.jpg']","['S', 'M', 'L', 'XL']",Plaid Roll-Tab Sleeve Button Front Shirt,0173 366 UAR14U6X1,#05623228,"['$0.00', '$45.00']"
Intro,"['https://www.dillards.com/is/image/DillardsZoom/main/intro-plus-size-v-neck-french-terry-colorblock-velvet-trim-knit-top/05592770_zi_light_grey_heather.jpg', 'https://www.dillards.com/is/image/DillardsZoom/main/intro-plus-size-v-neck-french-terry-colorblock-velvet-trim-knit-top/05592770_zi_light_grey_heather__01_ai.jpg']",[],Plus Size V-Neck French Terry Colorblock Velvet Trim Knit Top,0119 203 342835R1,#05592770,"['$0.00', '$49.00', '$17.15']"
Alex Evenings,"['https://www.dillards.com/is/image/DillardsZoom/main/alex-evenings-floral-print-chiffon-burnout-twinset/05635917_zi_black_silver.jpg', 'https://www.dillards.com/is/image/DillardsZoom/main/alex-evenings-floral-print-chiffon-burnout-twinset/05635917_zi_black_silver__01_ai.jpg', 'https://www.dillards.com/is/image/DillardsZoom/main/alex-evenings-floral-print-chiffon-burnout-twinset/05635917_zi_black_silver__02_ai.jpg']","['S', 'M', 'L', 'XL']",Floral Print Chiffon Burnout Twinset,0133 419 375676,#05635917,"['$0.00', '$139.00', '$104.25']"
Antonio Melani,"['https://www.dillards.com/is/image/DillardsZoom/main/antonio-melani-sateen-kaitlin-belted-pant/05498485_zi_black.jpg', 'https://www.dillards.com/is/image/DillardsZoom/main/antonio-melani-sateen-kaitlin-belted-pant/05498485_zi_black__01_ai.jpg', 'https://www.dillards.com/is/image/DillardsZoom/main/antonio-melani-sateen-kaitlin-belted-pant/05498485_zi_black__02_ai.jpg']","['0', '14']",Sateen Kaitlin Belted Pant,0161 857 8290M436,#05498485,"['$0.00', '$119.00', '$29.75']"
Free People,"['https://www.dillards.com/is/image/DillardsZoom/main/free-people-seamless-knit-roxy-tank/05631192_zi_pink.jpg', 'https://www.dillards.com/is/image/DillardsZoom/main/free-people-seamless-knit-roxy-tank/05631192_zi_pink__01_ai.jpg']","['XS/S', 'M/L']",Seamless Knit Roxy Tank,0169 021 OB859799,#05631192,"['$0.00', '$30.00']"
Tahari ASL,"['https://www.dillards.com/is/image/DillardsZoom/main/tahari-asl-flutter-sleeve-jumpsuit/05222830_zi_cobalt.jpg', 'https://www.dillards.com/is/image/DillardsZoom/main/tahari-asl-flutter-sleeve-jumpsuit/05222830_zi_cobalt__01_ai.jpg', 'https://www.dillards.com/is/image/DillardsZoom/main/tahari-asl-flutter-sleeve-jumpsuit/05222830_zi_cobalt__02_ai.jpg', 'https://www.dillards.com/is/image/DillardsZoom/main/tahari-asl-flutter-sleeve-jumpsuit/05222830_zi_cobalt__03_ai.jpg']","['6', '8', '10', '12', '14', '16', '18']",Flutter Ruffle Sleeve Jumpsuit,0134 255 99DRM132,#05222830,"['$0.00', '$148.00']"
Free People,"['https://www.dillards.com/is/image/DillardsZoom/main/free-people-zip-it-up-mini-skirt/05624243_zi_white.jpg', 'https://www.dillards.com/is/image/DillardsZoom/main/free-people-zip-it-up-mini-skirt/05624243_zi_white__01_ai.jpg', 'https://www.dillards.com/is/image/DillardsZoom/main/free-people-zip-it-up-mini-skirt/05624243_zi_white__02_ai.jpg', 'https://www.dillards.com/is/image/DillardsZoom/main/free-people-zip-it-up-mini-skirt/05624243_zi_white__03_ai.jpg']","['24', '25', '27', '28', '29', '30']",Zip It Up Mini Skirt,0169 020 OB844130,#05624243,"['$0.00', '$60.00']"
Belle Badgley Mischka,"['https://www.dillards.com/is/image/DillardsZoom/main/belle-badgley-mischka-beaded-halter-v-neck-sequin-gown/05646538_zi_gold.jpg', 'https://www.dillards.com/is/image/DillardsZoom/main/belle-badgley-mischka-beaded-halter-v-neck-sequin-gown/05646538_zi_gold__01_ai.jpg', 'https://www.dillards.com/is/image/DillardsZoom/main/belle-badgley-mischka-beaded-halter-v-neck-sequin-gown/05646538_zi_gold__02_ai.jpg']","['0', '2', '4', '6', '8', '10', '12', '14']",Beaded Halter V-Neck Sequin Gown,0137 150 BL3489,#05646538,"['$0.00', '$349.00', '$261.75']"
Gibson & Latimer,"['https://www.dillards.com/is/image/DillardsZoom/main/gibson--latimer-button-side-high-waist-ankle-cropped-pant/05498436_zi_green.jpg', 'https://www.dillards.com/is/image/DillardsZoom/main/gibson--latimer-button-side-high-waist-ankle-cropped-pant/05498436_zi_green__01_ai.jpg', 'https://www.dillards.com/is/image/DillardsZoom/main/gibson--latimer-button-side-high-waist-ankle-cropped-pant/05498436_zi_green__02_ai.jpg']","['10', '12']",Button Side High Waist Wide Leg Cropped Pant,0187 209 LA4748TRN,#05498436,"['$0.00', '$79.00', '$19.75']"
Alex Evenings,"['https://www.dillards.com/is/image/DillardsZoom/main/alex-evenings-bell-sleeve-floral-printed-organza-twinset-top/05443101_zi_black_rose.jpg', 'https://www.dillards.com/is/image/DillardsZoom/main/alex-evenings-bell-sleeve-floral-printed-organza-twinset-top/05443101_zi_black_rose__01_ai.jpg', 'https://www.dillards.com/is/image/DillardsZoom/main/alex-evenings-bell-sleeve-floral-printed-organza-twinset-top/05443101_zi_black_rose__02_ai.jpg']",[],Bell Sleeve Floral Print Organza Twinset Top,0133 419 8342020,#05443101,"['$0.00', '$139.00', '$83.40']"
Alex Marie,"['https://www.dillards.com/is/image/DillardsZoom/main/alex-marie-monica-knit-top/05469418_zi_navy.jpg', 'https://www.dillards.com/is/image/DillardsZoom/main/alex-marie-monica-knit-top/05469418_zi_navy__01_ai.jpg']",[],Monica Knit Top,0189 859 8210M208,#05469418,"['$0.00', '$69.00', '$17.25']"
Gianni Bini,"['https://www.dillards.com/is/image/DillardsZoom/main/gianni-bini-kaylee-frayed-cropped-wide-leg-jean/05501670_zi_dark_wash.jpg', 'https://www.dillards.com/is/image/DillardsZoom/main/gianni-bini-kaylee-frayed-cropped-wide-leg-jean/05501670_zi_dark_wash__01_ai.jpg', 'https://www.dillards.com/is/image/DillardsZoom/main/gianni-bini-kaylee-frayed-cropped-wide-leg-jean/05501670_zi_dark_wash__02_ai.jpg', 'https://www.dillards.com/is/image/DillardsZoom/main/gianni-bini-kaylee-frayed-cropped-wide-leg-jean/05501670_zi_dark_wash__03_ai.jpg']","['XS', 'S', 'M', 'L']",Kaylee Frayed Cropped Wide Leg Jean,0160 080 HC180903,#05501670,"['$0.00', '$89.00', '$22.25']"
KARL LAGERFELD PARIS,"['https://www.dillards.com/is/image/DillardsZoom/main/karl-lagerfeld-paris-polka-dot-v-neck-tie-waist-cropped-jumpsuit/05667608_zi_ivory_black.jpg', 'https://www.dillards.com/is/image/DillardsZoom/main/karl-lagerfeld-paris-polka-dot-v-neck-tie-waist-cropped-jumpsuit/05667608_zi_ivory_black__01_ai.jpg']","['2', '4', '6', '8', '10', '12', '14', '16']",Polka Dot V-Neck Tie Waist Cropped Jumpsuit,0134 153 LD9E1CS8,#05667608,"['$0.00', '$158.00']"
Gibson & Latimer,"['https://www.dillards.com/is/image/DillardsZoom/main/gibson--latimer-striped-button-front-midi-length-shirt-dress-cover-up/05656359_zi_multi.jpg', 'https://www.dillards.com/is/image/DillardsZoom/main/gibson--latimer-striped-button-front-midi-length-shirt-dress-cover-up/05656359_zi_multi__01_ai.jpg', 'https://www.dillards.com/is/image/DillardsZoom/main/gibson--latimer-striped-button-front-midi-length-shirt-dress-cover-up/05656359_zi_multi__02_ai.jpg']","['XS', 'S', 'M', 'L', 'XL']",Striped Button Front Midi Length Shirt Dress Cover Up,0196 196 GLRD194,#05656359,"['$0.00', '$58.00']"
Niche,"['https://www.dillards.com/is/image/DillardsZoom/main/niche-reef-pants/05460175_zi_black.jpg', 'https://www.dillards.com/is/image/DillardsZoom/main/niche-reef-pants/05460175_zi_black__01_ai.jpg', 'https://www.dillards.com/is/image/DillardsZoom/main/niche-reef-pants/05460175_zi_black__02_ai.jpg']","['S', 'M', 'L', 'XL']",Reef Pants,0144 427 3250001,#05460175,"['$0.00', '$138.00', '$34.50']"
Investments,"['https://www.dillards.com/is/image/DillardsZoom/main/investments-essentials-long-sleeve-cascade-front-top/05558820_zi_dark_cherry.jpg', 'https://www.dillards.com/is/image/DillardsZoom/main/investments-essentials-long-sleeve-cascade-front-top/05558820_zi_dark_cherry__01_ai.jpg', 'https://www.dillards.com/is/image/DillardsZoom/main/investments-essentials-long-sleeve-cascade-front-top/05558820_zi_dark_cherry__02_ai.jpg']","['S', 'L', 'XL']",Essentials Long Sleeve Cascade Front Top,0170 731 F81KV259N,#05558820,"['$0.00', '$49.00', '$17.15']"
Alex Evenings,"['https://www.dillards.com/is/image/DillardsZoom/main/alex-evenings-scroll-print-twinset/05315577_zi_pure_orchid.jpg', 'https://www.dillards.com/is/image/DillardsZoom/main/alex-evenings-scroll-print-twinset/05315577_zi_pure_orchid__01_ai.jpg', 'https://www.dillards.com/is/image/DillardsZoom/main/alex-evenings-scroll-print-twinset/05315577_zi_pure_orchid__02_ai.jpg']",[],Glitter Scroll Print Twinset,0133 419 3211441,#05315577,"['$0.00', '$149.00', '$37.25']"
Eileen Fisher,"['https://www.dillards.com/is/image/DillardsZoom/main/eileen-fisher-round-neck-striped-box-top/05591763_zi_indigo_white.jpg', 'https://www.dillards.com/is/image/DillardsZoom/main/eileen-fisher-round-neck-striped-box-top/05591763_zi_indigo_white__01_ai.jpg']","['XS', 'S', 'M', 'L', 'XL']",Round Neck Striped Box Top,0140 639 R8CEO-W4958M,#05591763,"['$0.00', '$188.00']"
Allison Daley,"['https://www.dillards.com/is/image/DillardsZoom/main/allison-daley-34-sleeve-solid-textured-jersey-top/05605914_zi_blue_moon.jpg', 'https://www.dillards.com/is/image/DillardsZoom/main/allison-daley-34-sleeve-solid-textured-jersey-top/05605914_zi_blue_moon__01_ai.jpg', 'https://www.dillards.com/is/image/DillardsZoom/main/allison-daley-34-sleeve-solid-textured-jersey-top/05605914_zi_fuchsia.jpg', 'https://www.dillards.com/is/image/DillardsZoom/main/allison-daley-34-sleeve-solid-textured-jersey-top/05605914_zi_fuchsia__01_ai.jpg']","['S', 'M', 'L', 'XL']",3/4 Sleeve Solid Textured Jersey Top,0173 366 U8813X870,#05605914,"['$0.00', '$35.00']"
Vince Camuto,"['https://www.dillards.com/is/image/DillardsZoom/main/vince-camuto-lace-v-neck-feather-trim-sheath-dress/05524928_zi_black_tan.jpg', 'https://www.dillards.com/is/image/DillardsZoom/main/vince-camuto-lace-v-neck-feather-trim-sheath-dress/05524928_zi_black_tan__01_ai.jpg', 'https://www.dillards.com/is/image/DillardsZoom/main/vince-camuto-lace-v-neck-feather-trim-sheath-dress/05524928_zi_black_tan__02_ai.jpg', 'https://www.dillards.com/is/image/DillardsZoom/main/vince-camuto-lace-v-neck-feather-trim-sheath-dress/05524928_zi_black_tan__03_ai.jpg']","['4', '6', '8', '10', '12', '14']",Lace V-Neck Feather Trim Sheath Dress,0183 152 VC8M7590,#05524928,"['$0.00', '$228.00', '$79.80']"
Allison Daley,"['https://www.dillards.com/is/image/DillardsZoom/main/allison-daley-plus-size-medallion-print-straight-leg-jeans/05571296_zi_black_shadow_medallion.jpg', 'https://www.dillards.com/is/image/DillardsZoom/main/allison-daley-plus-size-medallion-print-straight-leg-jeans/05571296_zi_black_shadow_medallion__01_ai.jpg', 'https://www.dillards.com/is/image/DillardsZoom/main/allison-daley-plus-size-medallion-print-straight-leg-jeans/05571296_zi_black_shadow_medallion__02_ai.jpg']","['16W', '16W Short', '18W', '18W Short', '20W', '20W Short', '22W']",Plus Size Medallion Print Straight Leg Jeans,0118 366 UA94V8129,#05571296,"['$0.00', '$49.00', '$29.40']"
Caroline Rose,"['https://www.dillards.com/is/image/DillardsZoom/main/caroline-rose-crepe-longer-sleeveless-tank/05604027_zi_black.jpg', 'https://www.dillards.com/is/image/DillardsZoom/main/caroline-rose-crepe-longer-sleeveless-tank/05604027_zi_white.jpg']","['XS', 'S', 'M', 'L', 'XL']",Crepe Longer Sleeveless Tank,0147 247 CPS101,#05604027,"['$0.00', '$158.00']"
Peter Nygard,"['https://www.dillards.com/is/image/DillardsZoom/main/peter-nygard-long-sleeve-double-breasted-button-detail-cardigan/05651974_zi_navy_white.jpg', 'https://www.dillards.com/is/image/DillardsZoom/main/peter-nygard-long-sleeve-double-breasted-button-detail-cardigan/05651974_zi_navy_white__01_ai.jpg', 'https://www.dillards.com/is/image/DillardsZoom/main/peter-nygard-long-sleeve-double-breasted-button-detail-cardigan/05651974_zi_navy_white__02_ai.jpg']","['S', 'M', 'L', 'XL']",Long Sleeve Double Breasted Button Detail Cardigan,0150 562 X011K1721,#05651974,"['$0.00', '$89.00']"
Masai,"['https://www.dillards.com/is/image/DillardsZoom/main/masai-nines-floral-print-mandarin-collar-shift-dress/05592503_zi_agave.jpg', 'https://www.dillards.com/is/image/DillardsZoom/main/masai-nines-floral-print-mandarin-collar-shift-dress/05592503_zi_agave__01_ai.jpg']","['S', 'M', 'L', 'XL', 'XXL']",Nines Floral Print Mandarin Collar Shift Dress,0149 004 184704797,#05592503,"['$0.00', '$145.00']"
Bryn Walker,"['https://www.dillards.com/is/image/DillardsZoom/main/bryn-walker-couch-shirt/05557770_zi_black.jpg', 'https://www.dillards.com/is/image/DillardsZoom/main/bryn-walker-couch-shirt/05557770_zi_black__01_ai.jpg', 'https://www.dillards.com/is/image/DillardsZoom/main/bryn-walker-couch-shirt/05557770_zi_black__02_ai.jpg']","['XS', 'S', 'M']",Couch Shirt,0144 300 18F38218001,#05557770,"['$0.00', '$128.00', '$76.80']"
The North Face,"['https://www.dillards.com/is/image/DillardsZoom/main/the-north-face-cozy-slacker-zip-front-hoodie/05496228_zi_dark_grey_heather.jpg', 'https://www.dillards.com/is/image/DillardsZoom/main/the-north-face-cozy-slacker-zip-front-hoodie/05496228_zi_dark_grey_heather__01_ai.jpg', 'https://www.dillards.com/is/image/DillardsZoom/main/the-north-face-cozy-slacker-zip-front-hoodie/05496228_zi_dark_grey_heather__02_ai.jpg', 'https://www.dillards.com/is/image/DillardsZoom/main/the-north-face-cozy-slacker-zip-front-hoodie/05496228_zi_dark_grey_heather__03_ai.jpg', 'https://www.dillards.com/is/image/DillardsZoom/main/the-north-face-cozy-slacker-zip-front-hoodie/05496228_zi_fig_heather.jpg', 'https://www.dillards.com/is/image/DillardsZoom/main/the-north-face-cozy-slacker-zip-front-hoodie/05496228_zi_fig_heather__01_ai.jpg', 'https://www.dillards.com/is/image/DillardsZoom/main/the-north-face-cozy-slacker-zip-front-hoodie/05496228_zi_fig_heather__02_ai.jpg', 'https://www.dillards.com/is/image/DillardsZoom/main/the-north-face-cozy-slacker-zip-front-hoodie/05496228_zi_fig_heather__03_ai.jpg']","['XS', 'S', 'M', 'L', 'XL']",Cozy Slacker Zip Front Hoodie,0194 141 NF0A3ME2DYZ,#05496228,"['$0.00', '$120.00', '$90.00']"
Donna Morgan,"['https://www.dillards.com/is/image/DillardsZoom/main/donna-morgan-crepe-ruffle-sleeve-sheath-dress/05501471_zi_black.jpg', 'https://www.dillards.com/is/image/DillardsZoom/main/donna-morgan-crepe-ruffle-sleeve-sheath-dress/05501471_zi_black__01_ai.jpg', 'https://www.dillards.com/is/image/DillardsZoom/main/donna-morgan-crepe-ruffle-sleeve-sheath-dress/05501471_zi_black__02_ai.jpg', 'https://www.dillards.com/is/image/DillardsZoom/main/donna-morgan-crepe-ruffle-sleeve-sheath-dress/05501471_zi_black__03_ai.jpg', 'https://www.dillards.com/is/image/DillardsZoom/main/donna-morgan-crepe-ruffle-sleeve-sheath-dress/05501471_zi_red.jpg', 'https://www.dillards.com/is/image/DillardsZoom/main/donna-morgan-crepe-ruffle-sleeve-sheath-dress/05501471_zi_red__01_ai.jpg', 'https://www.dillards.com/is/image/DillardsZoom/main/donna-morgan-crepe-ruffle-sleeve-sheath-dress/05501471_zi_red__02_ai.jpg', 'https://www.dillards.com/is/image/DillardsZoom/main/donna-morgan-crepe-ruffle-sleeve-sheath-dress/05501471_zi_red__03_ai.jpg', 'https://www.dillards.com/is/image/DillardsZoom/main/donna-morgan-crepe-ruffle-sleeve-sheath-dress/05501471_zi_red__04_ai.jpg']","['2', '4', '6', '8', '10', '12', '14', '16']",Crepe Ruffle Sleeve Sheath Dress,0134 651 D6481MXD,#05501471,"['$0.00', '$118.00']"
I.N. Studio,"['https://www.dillards.com/is/image/DillardsZoom/main/i.n.-studio-plus-size-zipper-v-neck-floral-print-roll-tab-sleeve-top/05612566_zi_multi_flower.jpg', 'https://www.dillards.com/is/image/DillardsZoom/main/i.n.-studio-plus-size-zipper-v-neck-floral-print-roll-tab-sleeve-top/05612566_zi_multi_flower__01_ai.jpg', 'https://www.dillards.com/is/image/DillardsZoom/main/i.n.-studio-plus-size-zipper-v-neck-floral-print-roll-tab-sleeve-top/05612566_zi_multi_flower__02_ai.jpg', 'https://www.dillards.com/is/image/DillardsZoom/main/i.n.-studio-plus-size-zipper-v-neck-floral-print-roll-tab-sleeve-top/05612566_zi_multi_flower__03_ai.jpg']","['1X', '2X', '3X']",Plus Size Zipper V-Neck Floral Print Roll-Tab Sleeve Top,0113 151 3460920,#05612566,"['$0.00', '$49.00']"
Eileen Fisher,"['https://www.dillards.com/is/image/DillardsZoom/main/eileen-fisher-plus-scoop-neck-midi-length-dress/04945965_zi_black.jpg', 'https://www.dillards.com/is/image/DillardsZoom/main/eileen-fisher-plus-scoop-neck-midi-length-dress/04945965_zi_black__01_ai.jpg']","['1X', '2X', '3X']",Plus Scoop Neck Midi Length Dress,0148 640 EEVF-D2708X,#04945965,"['$0.00', '$218.00']"
Eileen Fisher,"['https://www.dillards.com/is/image/DillardsZoom/main/eileen-fisher-petite-size-organic-cotton-soft-stretch-jegging/05552102_zi_frost.jpg', 'https://www.dillards.com/is/image/DillardsZoom/main/eileen-fisher-petite-size-organic-cotton-soft-stretch-jegging/05552102_zi_frost__01_ai.jpg', 'https://www.dillards.com/is/image/DillardsZoom/main/eileen-fisher-petite-size-organic-cotton-soft-stretch-jegging/05552102_zi_frost__02_ai.jpg']","['PXS', 'PL']",Petite Size Organic Cotton Soft Stretch Jegging,0140 638 R8MDN-P3868P,#05552102,"['$0.00', '$178.00']"
Sanctuary,"['https://www.dillards.com/is/image/DillardsZoom/main/sanctuary-modern-standard-straight-wide-leg-crop-jeans/05664876_zi_elsinore_blue.jpg', 'https://www.dillards.com/is/image/DillardsZoom/main/sanctuary-modern-standard-straight-wide-leg-crop-jeans/05664876_zi_elsinore_blue__01_ai.jpg', 'https://www.dillards.com/is/image/DillardsZoom/main/sanctuary-modern-standard-straight-wide-leg-crop-jeans/05664876_zi_elsinore_blue__02_ai.jpg']","['25', '26', '27', '28', '29', '30', '31', '32', '24']",Modern Standard Straight Wide Leg Crop Jeans,0159 750 QP472D77ESN,#05664876,"['$0.00', '$89.00']"
1. STATE,"['https://www.dillards.com/is/image/DillardsZoom/main/1.-state-velvet-v-neck-shift-dress/05187667_zi_deep_claret.jpg', 'https://www.dillards.com/is/image/DillardsZoom/main/1.-state-velvet-v-neck-shift-dress/05187667_zi_deep_claret__01_ai.jpg']","['XS', 'S', 'M']",Velvet V-Neck Poet Sleeve Shift Dress,0159 121 8157772,#05187667,"['$0.00', '$99.00', '$34.65']"
Vince Camuto,"['https://www.dillards.com/is/image/DillardsZoom/main/vince-camuto-plus-size-puff-shoulder-blouse/05620770_zi_tropical_red.jpg', 'https://www.dillards.com/is/image/DillardsZoom/main/vince-camuto-plus-size-puff-shoulder-blouse/05620770_zi_tropical_red__01_ai.jpg', 'https://www.dillards.com/is/image/DillardsZoom/main/vince-camuto-plus-size-puff-shoulder-blouse/05620770_zi_tropical_red__02_ai.jpg']","['1X', '2X', '3X']",Plus Size Puff Shoulder Blouse,0112 119 9268117,#05620770,"['$0.00', '$89.00', '$53.40']"
Paris Hues,"['https://www.dillards.com/is/image/DillardsZoom/main/paris-hues-mixed-media-patchwork-floral-print-tunic-top/05670638_zi_multi.jpg', 'https://www.dillards.com/is/image/DillardsZoom/main/paris-hues-mixed-media-patchwork-floral-print-tunic-top/05670638_zi_multi__01_ai.jpg', 'https://www.dillards.com/is/image/DillardsZoom/main/paris-hues-mixed-media-patchwork-floral-print-tunic-top/05670638_zi_multi__02_ai.jpg', 'https://www.dillards.com/is/image/DillardsZoom/main/paris-hues-mixed-media-patchwork-floral-print-tunic-top/05670638_zi_multi__03_ai.jpg']","['S', 'M', 'L', 'XL']",Mixed Media Patchwork Floral Print Tunic Top,0155 015 8009-2,#05670638,"['$0.00', '$79.00']"
Allison Daley,"['https://www.dillards.com/is/image/DillardsZoom/main/allison-daley-plus-size-velvet-burnout-flare-sleeve-top/05503085_zi_black_pebbles.jpg', 'https://www.dillards.com/is/image/DillardsZoom/main/allison-daley-plus-size-velvet-burnout-flare-sleeve-top/05503085_zi_black_pebbles__01_ai.jpg', 'https://www.dillards.com/is/image/DillardsZoom/main/allison-daley-plus-size-velvet-burnout-flare-sleeve-top/05503085_zi_gold_pebbles.jpg', 'https://www.dillards.com/is/image/DillardsZoom/main/allison-daley-plus-size-velvet-burnout-flare-sleeve-top/05503085_zi_gold_pebbles__01_ai.jpg']","['1X', '2X']",Plus Size Burnout Velvet Flare Sleeve Top,0118 366 S83480844,#05503085,"['$0.00', '$49.00', '$29.40']"
Gal Meets Glam Collection,"['https://www.dillards.com/is/image/DillardsZoom/main/gal-meets-glam-collection-petite-size-poppy-v-neck-plaid-button-front-midi-dress/05663866_zi_pink_coral_multi.jpg', 'https://www.dillards.com/is/image/DillardsZoom/main/gal-meets-glam-collection-petite-size-poppy-v-neck-plaid-button-front-midi-dress/05663866_zi_pink_coral_multi__01_ai.jpg', 'https://www.dillards.com/is/image/DillardsZoom/main/gal-meets-glam-collection-petite-size-poppy-v-neck-plaid-button-front-midi-dress/05663866_zi_pink_coral_multi__02_ai.jpg', 'https://www.dillards.com/is/image/DillardsZoom/main/gal-meets-glam-collection-petite-size-poppy-v-neck-plaid-button-front-midi-dress/05663866_zi_pink_coral_multi__03_ai.jpg', 'https://www.dillards.com/is/image/DillardsZoom/main/gal-meets-glam-collection-petite-size-poppy-v-neck-plaid-button-front-midi-dress/05663866_zi_pink_coral_multi__04_ai.jpg', 'https://www.dillards.com/is/image/DillardsZoom/main/gal-meets-glam-collection-petite-size-poppy-v-neck-plaid-button-front-midi-dress/05663866_zi_pink_coral_multi__05_ai.jpg']","['2P', '4P', '6P', '8P', '10P', '12P', '0P']",Petite Size Poppy V-Neck Plaid Tie Waist Button Front Midi Dress,0130 883 K0283P,#05663866,"['$0.00', '$198.00']"
Tahari ASL,"['https://www.dillards.com/is/image/DillardsZoom/main/tahari-asl-folded-neckline-skirt-suit/05608303_zi_primrose.jpg', 'https://www.dillards.com/is/image/DillardsZoom/main/tahari-asl-folded-neckline-skirt-suit/05608303_zi_primrose__01_ai.jpg', 'https://www.dillards.com/is/image/DillardsZoom/main/tahari-asl-folded-neckline-skirt-suit/05608303_zi_primrose__02_ai.jpg', 'https://www.dillards.com/is/image/DillardsZoom/main/tahari-asl-folded-neckline-skirt-suit/05608303_zi_primrose__03_ai.jpg']","['4', '6', '8', '10', '12', '14', '16', '18']",Folded Neckline Skirt Suit,0108 155 9180M803,#05608303,"['$0.00', '$149.99']"
Vince Camuto,"['https://www.dillards.com/is/image/DillardsZoom/main/vince-camuto-long-poet-sleeve-polka-dot-paisley-shift-dress/05659530_zi_navy_multi.jpg', 'https://www.dillards.com/is/image/DillardsZoom/main/vince-camuto-long-poet-sleeve-polka-dot-paisley-shift-dress/05659530_zi_navy_multi__01_ai.jpg', 'https://www.dillards.com/is/image/DillardsZoom/main/vince-camuto-long-poet-sleeve-polka-dot-paisley-shift-dress/05659530_zi_navy_multi__02_ai.jpg', 'https://www.dillards.com/is/image/DillardsZoom/main/vince-camuto-long-poet-sleeve-polka-dot-paisley-shift-dress/05659530_zi_navy_multi__03_ai.jpg']","['2', '10', '12', '14']",Long Poet Sleeve Polka Dot Paisley Shift Dress,0183 152 VC9M8910,#05659530,"['$0.00', '$128.00']"
Adrianna Papell,"['https://www.dillards.com/is/image/DillardsZoom/main/adrianna-papell-illusion-sleeve-pin-tuck-midi-dress/05553987_zi_black.jpg', 'https://www.dillards.com/is/image/DillardsZoom/main/adrianna-papell-illusion-sleeve-pin-tuck-midi-dress/05553987_zi_black__01_ai.jpg', 'https://www.dillards.com/is/image/DillardsZoom/main/adrianna-papell-illusion-sleeve-pin-tuck-midi-dress/05553987_zi_black__02_ai.jpg']",[],Illusion Sleeve Pin Tuck Midi Dress,0134 107 AP1D102943,#05553987,"['$0.00', '$159.00']"
